{
  "project_info": {
    "project_number": "39476337639",
    "project_id": "advancedfuncapp",
    "storage_bucket": "advancedfuncapp.firebasestorage.app"
  },
  "client": [
    {
      "client_info": {
        "mobilesdk_app_id": "1:39476337639:android:ee9a633014fa5d3fa0fb42",
        "android_client_info": {
          "package_name": "com.example.advancedfuncapp"
        }
      },
      "oauth_client": [],
      "api_key": [
        {
          "current_key": "AIzaSyAQ-mT4yO2LqAQcuRwvcInz40TyDfjg1K4"
        }
      ],
      "services": {
        "appinvite_service": {
          "other_platform_oauth_client": []
        }
      }
    }
  ],
  "configuration_version": "1"
}